LinearRegression,RobustRegression,RidgeRegression,LassoRegression,ElasticNet,PolynomialRegression,SGDRegressor,ANN,RandomForest,SVM,LGBM,XGBoost,KNN
LinearRegression,RobustRegression,RidgeRegression,LassoRegression,ElasticNet,PolynomialRegression,SGDRegressor,ANN,RandomForest,SVM,LGBM,XGBoost,KNN
82657.94605892914,199465.55955429267,82659.67244409776,82657.9466217223,99126.80843102589,83413.36434665471,1.4436760416019415e+18,199418.93388914037,98081.88277878752,282947.68758691323,92133.9888284538,101565.19208841266,198086.23684543537
10549721686.16184,61664910393.2493,10549745186.670172,10549717660.356377,15081376466.559593,10664698460.725855,2.128353341634346e+36,61513249626.4487,15075229162.257627,123546565157.52672,13097708114.507051,16138680641.877495,60395811313.31432
0.9146454505137862,0.5010881990728193,0.91464526037841,0.9146454830853386,0.8779812271613102,0.9137152088366847,-1.721985148299868e+25,0.5023152396346551,0.8780309631074193,0.0004227861838135283,0.8940304769478327,0.8694269046645823,0.5113560889227768
